proj,tp_mode,base_m,m,tp,k,n,time_us,tflops,status
qkv_proj,column,128,128,1,6144,14336,,,OK
qkv_proj,column,128,256,2,6144,7168,15.7,1439,OK
qkv_proj,column,128,384,3,6144,4864,16.3,1412,OK
qkv_proj,column,128,512,4,6144,3584,12.6,1789,OK
qkv_proj,column,128,640,5,6144,3072,15.7,1543,OK
qkv_proj,column,128,768,6,6144,2560,14.0,1728,OK
qkv_proj,column,128,896,7,6144,2304,15.5,1638,OK
qkv_proj,column,128,1024,8,6144,1792,12.0,1886,OK
qkv_proj,column,128,1152,9,6144,1664,15.0,1568,OK
qkv_proj,column,128,1280,10,6144,1536,13.4,1797,OK
qkv_proj,column,128,1408,11,6144,1408,14.9,1634,OK
qkv_proj,column,128,1536,12,6144,1280,13.3,1812,OK
qkv_proj,column,128,1664,13,6144,1280,15.0,1747,OK
qkv_proj,column,128,1792,14,6144,1152,13.6,1869,OK
qkv_proj,column,128,1920,15,6144,1152,15.0,1810,OK
qkv_proj,column,128,2048,16,6144,1024,13.6,1892,OK
qkv_proj,column,128,2176,17,6144,1024,15.2,1807,OK
qkv_proj,column,128,2304,18,6144,1024,14.2,2042,OK
qkv_proj,column,128,2432,19,6144,1024,15.8,1934,OK
qkv_proj,column,128,2560,20,6144,896,14.2,1983,OK
qkv_proj,column,128,2688,21,6144,896,15.8,1879,OK
qkv_proj,column,128,2816,22,6144,896,15.4,2019,OK
qkv_proj,column,128,2944,23,6144,896,16.7,1940,OK
qkv_proj,column,128,3072,24,6144,768,14.6,1987,OK
qkv_proj,column,128,3200,25,6144,768,16.0,1887,OK
qkv_proj,column,128,3328,26,6144,768,15.5,2020,OK
qkv_proj,column,128,3456,27,6144,768,16.8,1945,OK
qkv_proj,column,128,3584,28,6144,768,15.7,2148,OK
qkv_proj,column,128,3712,29,6144,768,17.0,2064,OK
qkv_proj,column,128,3840,30,6144,768,16.0,2270,OK
qkv_proj,column,128,3968,31,6144,768,21.2,1769,OK
qkv_proj,column,128,4096,32,6144,640,15.8,2043,OK
qkv_proj,column,128,4224,33,6144,640,17.0,1949,OK
qkv_proj,column,128,4352,34,6144,640,16.0,2133,OK
qkv_proj,column,128,4480,35,6144,640,17.4,2025,OK
qkv_proj,column,128,4608,36,6144,640,16.3,2218,OK
qkv_proj,column,128,4736,37,6144,640,17.7,2109,OK
qkv_proj,column,128,4864,38,6144,640,16.7,2292,OK
qkv_proj,column,128,4992,39,6144,640,22.7,1727,OK
qkv_proj,column,128,5120,40,6144,640,18.8,2142,OK
qkv_proj,column,128,5248,41,6144,640,23.1,1786,OK
qkv_proj,column,128,5376,42,6144,640,19.1,2208,OK
qkv_proj,column,128,5504,43,6144,640,23.5,1841,OK
qkv_proj,column,128,5632,44,6144,640,19.4,2278,OK
qkv_proj,column,128,5760,45,6144,640,23.8,1905,OK
qkv_proj,column,128,5888,46,6144,640,19.5,2380,OK
qkv_proj,column,128,6016,47,6144,640,24.0,1969,OK
qkv_proj,column,128,6144,48,6144,512,19.1,2025,OK
qkv_proj,column,128,6272,49,6144,512,23.1,1707,OK
qkv_proj,column,128,6400,50,6144,512,19.3,2090,OK
qkv_proj,column,128,6528,51,6144,512,27.8,1477,OK
qkv_proj,column,128,6656,52,6144,512,25.1,1669,OK
qkv_proj,column,128,6784,53,6144,512,28.1,1521,OK
qkv_proj,column,128,6912,54,6144,512,25.2,1723,OK
qkv_proj,column,128,7040,55,6144,512,28.2,1572,OK
qkv_proj,column,128,7168,56,6144,512,25.6,1764,OK
qkv_proj,column,128,7296,57,6144,512,28.5,1610,OK
qkv_proj,column,128,7424,58,6144,512,25.9,1802,OK
qkv_proj,column,128,7552,59,6144,512,28.9,1643,OK
qkv_proj,column,128,7680,60,6144,512,26.4,1833,OK
qkv_proj,column,128,7808,61,6144,512,28.9,1700,OK
qkv_proj,column,128,7936,62,6144,512,26.6,1879,OK
qkv_proj,column,128,8064,63,6144,512,29.3,1732,OK
qkv_proj,column,128,8192,64,6144,512,27.2,1896,OK
qkv_proj,column,128,8320,65,6144,512,29.7,1761,OK
qkv_proj,column,128,8448,66,6144,512,27.3,1945,OK
qkv_proj,column,128,8576,67,6144,512,30.2,1789,OK
qkv_proj,column,128,8704,68,6144,512,27.8,1972,OK
qkv_proj,column,128,8832,69,6144,512,31.0,1793,OK
qkv_proj,column,128,8960,70,6144,512,27.6,2043,OK
qkv_proj,column,128,9088,71,6144,512,31.2,1835,OK
qkv_proj,column,128,9216,72,6144,512,28.0,2067,OK
qkv_proj,column,148,148,1,6144,14336,29.9,873,OK
qkv_proj,column,148,296,2,6144,7168,19.4,1345,OK
qkv_proj,column,148,444,3,6144,4864,16.7,1593,OK
qkv_proj,column,148,592,4,6144,3584,16.1,1620,OK
qkv_proj,column,148,740,5,6144,3072,14.5,1930,OK
qkv_proj,column,148,888,6,6144,2560,15.8,1772,OK
qkv_proj,column,148,1036,7,6144,2304,16.8,1744,OK
qkv_proj,column,148,1184,8,6144,1792,13.8,1889,OK
qkv_proj,column,148,1332,9,6144,1664,15.6,1749,OK
qkv_proj,column,148,1480,10,6144,1536,13.9,2003,OK
qkv_proj,column,148,1628,11,6144,1408,15.6,1803,OK
qkv_proj,column,148,1776,12,6144,1280,13.8,2017,OK
qkv_proj,column,148,1924,13,6144,1280,15.0,2013,OK
qkv_proj,column,148,2072,14,6144,1152,16.6,1772,OK
qkv_proj,column,148,2220,15,6144,1152,15.1,2075,OK
qkv_proj,column,148,2368,16,6144,1024,15.8,1885,OK
qkv_proj,column,148,2516,17,6144,1024,15.3,2069,OK
qkv_proj,column,148,2664,18,6144,1024,16.8,1990,OK
qkv_proj,column,148,2812,19,6144,1024,17.1,2068,OK
qkv_proj,column,148,2960,20,6144,896,15.5,2101,OK
qkv_proj,column,148,3108,21,6144,896,17.0,2012,OK
qkv_proj,column,148,3256,22,6144,896,17.4,2064,OK
qkv_proj,column,148,3404,23,6144,896,21.1,1776,OK
qkv_proj,column,148,3552,24,6144,768,15.8,2123,OK
qkv_proj,column,148,3700,25,6144,768,16.9,2060,OK
qkv_proj,column,148,3848,26,6144,768,21.2,1714,OK
qkv_proj,column,148,3996,27,6144,768,17.5,2149,OK
qkv_proj,column,148,4144,28,6144,768,21.3,1834,OK
qkv_proj,column,148,4292,29,6144,768,17.9,2263,OK
qkv_proj,column,148,4440,30,6144,768,21.6,1936,OK
qkv_proj,column,148,4588,31,6144,768,18.2,2376,OK
qkv_proj,column,148,4736,32,6144,640,17.6,2112,OK
qkv_proj,column,148,4884,33,6144,640,22.7,1691,OK
qkv_proj,column,148,5032,34,6144,640,18.8,2106,OK
qkv_proj,column,148,5180,35,6144,640,23.2,1753,OK
qkv_proj,column,148,5328,36,6144,640,19.2,2183,OK
qkv_proj,column,148,5476,37,6144,640,23.3,1846,OK
qkv_proj,column,148,5624,38,6144,640,19.3,2286,OK
qkv_proj,column,148,5772,39,6144,640,19.3,2348,OK
qkv_proj,column,148,5920,40,6144,640,23.8,1955,OK
qkv_proj,column,148,6068,41,6144,640,19.9,2400,OK
qkv_proj,column,148,6216,42,6144,640,24.3,2011,OK
qkv_proj,column,148,6364,43,6144,640,20.3,2460,OK
qkv_proj,column,148,6512,44,6144,640,28.3,1808,OK
qkv_proj,column,148,6660,45,6144,640,28.6,1830,OK
qkv_proj,column,148,6808,46,6144,640,25.8,2075,OK
qkv_proj,column,148,6956,47,6144,640,29.4,1860,OK
qkv_proj,column,148,7104,48,6144,512,25.6,1747,OK
qkv_proj,column,148,7252,49,6144,512,28.5,1601,OK
qkv_proj,column,148,7400,50,6144,512,25.8,1802,OK
qkv_proj,column,148,7548,51,6144,512,28.9,1641,OK
qkv_proj,column,148,7696,52,6144,512,28.9,1676,OK
qkv_proj,column,148,7844,53,6144,512,26.4,1870,OK
qkv_proj,column,148,7992,54,6144,512,29.2,1722,OK
qkv_proj,column,148,8140,55,6144,512,27.1,1890,OK
qkv_proj,column,148,8288,56,6144,512,29.7,1754,OK
qkv_proj,column,148,8436,57,6144,512,27.4,1938,OK
qkv_proj,column,148,8584,58,6144,512,27.3,1979,OK
qkv_proj,column,148,8732,59,6144,512,30.5,1802,OK
qkv_proj,column,148,8880,60,6144,512,27.6,2027,OK
qkv_proj,column,148,9028,61,6144,512,31.0,1834,OK
qkv_proj,column,148,9176,62,6144,512,27.9,2068,OK
qkv_proj,column,148,9324,63,6144,512,31.2,1877,OK
qkv_proj,column,148,9472,64,6144,512,28.4,2096,OK
qkv_proj,column,148,9620,65,6144,512,28.4,2134,OK
qkv_proj,column,148,9768,66,6144,512,40.4,1522,OK
qkv_proj,column,148,9916,67,6144,512,32.7,1910,OK
qkv_proj,column,148,10064,68,6144,512,40.8,1554,OK
qkv_proj,column,148,10212,69,6144,512,32.9,1953,OK
qkv_proj,column,148,10360,70,6144,512,41.3,1579,OK
qkv_proj,column,148,10508,71,6144,512,41.5,1592,OK
qkv_proj,column,148,10656,72,6144,512,33.1,2025,OK
qkv_proj,column,168,168,1,6144,14336,29.8,994,OK
qkv_proj,column,168,336,2,6144,7168,19.5,1519,OK
qkv_proj,column,168,504,3,6144,4864,16.8,1792,OK
qkv_proj,column,168,672,4,6144,3584,15.7,1890,OK
qkv_proj,column,168,840,5,6144,3072,17.2,1845,OK
qkv_proj,column,168,1008,6,6144,2560,15.3,2069,OK
qkv_proj,column,168,1176,7,6144,2304,15.3,2172,OK
qkv_proj,column,168,1344,8,6144,1792,16.7,1777,OK
qkv_proj,column,168,1512,9,6144,1664,15.1,2041,OK
qkv_proj,column,168,1680,10,6144,1536,14.9,2122,OK
qkv_proj,column,168,1848,11,6144,1408,16.8,1906,OK
qkv_proj,column,168,2016,12,6144,1280,15.1,2105,OK
qkv_proj,column,168,2184,13,6144,1280,15.4,2235,OK
qkv_proj,column,168,2352,14,6144,1152,17.0,1957,OK
qkv_proj,column,168,2520,15,6144,1152,16.9,2111,OK
qkv_proj,column,168,2688,16,6144,1024,17.0,1995,OK
qkv_proj,column,168,2856,17,6144,1024,21.0,1712,OK
qkv_proj,column,168,3024,18,6144,1024,17.4,2181,OK
qkv_proj,column,168,3192,19,6144,1024,21.5,1870,OK
qkv_proj,column,168,3360,20,6144,896,21.1,1752,OK
qkv_proj,column,168,3528,21,6144,896,17.7,2193,OK
qkv_proj,column,168,3696,22,6144,896,21.3,1910,OK
qkv_proj,column,168,3864,23,6144,896,22.1,1925,OK
qkv_proj,column,168,4032,24,6144,768,17.6,2164,OK
qkv_proj,column,168,4200,25,6144,768,21.4,1849,OK
qkv_proj,column,168,4368,26,6144,768,21.5,1914,OK
qkv_proj,column,168,4536,27,6144,768,18.0,2376,OK
qkv_proj,column,168,4704,28,6144,768,22.0,2016,OK
qkv_proj,column,168,4872,29,6144,768,26.8,1715,OK
qkv_proj,column,168,5040,30,6144,768,23.9,1991,OK
qkv_proj,column,168,5208,31,6144,768,27.1,1810,OK
qkv_proj,column,168,5376,32,6144,640,19.2,2200,OK
qkv_proj,column,168,5544,33,6144,640,19.3,2261,OK
qkv_proj,column,168,5712,34,6144,640,23.8,1888,OK
qkv_proj,column,168,5880,35,6144,640,19.6,2364,OK
qkv_proj,column,168,6048,36,6144,640,19.9,2391,OK
qkv_proj,column,168,6216,37,6144,640,24.1,2030,OK
qkv_proj,column,168,6384,38,6144,640,20.2,2481,OK
qkv_proj,column,168,6552,39,6144,640,25.4,2028,OK
qkv_proj,column,168,6720,40,6144,640,28.5,1855,OK
qkv_proj,column,168,6888,41,6144,640,25.9,2089,OK
qkv_proj,column,168,7056,42,6144,640,26.2,2120,OK
qkv_proj,column,168,7224,43,6144,640,29.7,1916,OK
qkv_proj,column,168,7392,44,6144,640,26.7,2181,OK
qkv_proj,column,168,7560,45,6144,640,26.8,2216,OK
qkv_proj,column,168,7728,46,6144,640,30.9,1965,OK
qkv_proj,column,168,7896,47,6144,640,27.5,2255,OK
qkv_proj,column,168,8064,48,6144,512,29.3,1733,OK
qkv_proj,column,168,8232,49,6144,512,29.5,1757,OK
qkv_proj,column,168,8400,50,6144,512,27.3,1937,OK
qkv_proj,column,168,8568,51,6144,512,30.1,1791,OK
qkv_proj,column,168,8736,52,6144,512,30.6,1799,OK
qkv_proj,column,168,8904,53,6144,512,27.5,2038,OK
qkv_proj,column,168,9072,54,6144,512,31.0,1840,OK
qkv_proj,column,168,9240,55,6144,512,31.1,1871,OK
qkv_proj,column,168,9408,56,6144,512,28.2,2101,OK
qkv_proj,column,168,9576,57,6144,512,31.7,1898,OK
qkv_proj,column,168,9744,58,6144,512,40.1,1528,OK
qkv_proj,column,168,9912,59,6144,512,32.5,1917,OK
qkv_proj,column,168,10080,60,6144,512,40.5,1567,OK
qkv_proj,column,168,10248,61,6144,512,40.9,1578,OK
qkv_proj,column,168,10416,62,6144,512,33.2,1976,OK
qkv_proj,column,168,10584,63,6144,512,41.3,1612,OK
qkv_proj,column,168,10752,64,6144,512,33.8,2004,OK
qkv_proj,column,168,10920,65,6144,512,33.6,2047,OK
qkv_proj,column,168,11088,66,6144,512,42.2,1654,OK
qkv_proj,column,168,11256,67,6144,512,34.0,2082,OK
qkv_proj,column,168,11424,68,6144,512,34.6,2078,OK
qkv_proj,column,168,11592,69,6144,512,42.2,1728,OK
qkv_proj,column,168,11760,70,6144,512,34.8,2125,OK
qkv_proj,column,168,11928,71,6144,512,34.2,2196,OK
qkv_proj,column,168,12096,72,6144,512,42.5,1789,OK
qkv_proj,column,228,228,1,6144,14336,29.8,1348,OK
qkv_proj,column,228,456,2,6144,7168,23.9,1682,OK
qkv_proj,column,228,684,3,6144,4864,19.3,2117,OK
qkv_proj,column,228,912,4,6144,3584,17.9,2239,OK
qkv_proj,column,228,1140,5,6144,3072,21.9,1969,OK
qkv_proj,column,228,1368,6,6144,2560,22.4,1917,OK
qkv_proj,column,228,1596,7,6144,2304,22.5,2007,OK
qkv_proj,column,228,1824,8,6144,1792,21.6,1856,OK
qkv_proj,column,228,2052,9,6144,1664,22.3,1878,OK
qkv_proj,column,228,2280,10,6144,1536,17.2,2502,OK
qkv_proj,column,228,2508,11,6144,1408,18.7,2317,OK
qkv_proj,column,228,2736,12,6144,1280,18.6,2318,OK
qkv_proj,column,228,2964,13,6144,1280,18.8,2479,OK
qkv_proj,column,228,3192,14,6144,1152,21.8,2071,OK
qkv_proj,column,228,3420,15,6144,1152,26.1,1856,OK
qkv_proj,column,228,3648,16,6144,1024,22.3,2058,OK
qkv_proj,column,228,3876,17,6144,1024,26.2,1861,OK
qkv_proj,column,228,4104,18,6144,1024,26.4,1954,OK
qkv_proj,column,228,4332,19,6144,1024,23.7,2303,OK
qkv_proj,column,228,4560,20,6144,896,19.2,2612,OK
qkv_proj,column,228,4788,21,6144,896,19.4,2712,OK
qkv_proj,column,228,5016,22,6144,896,23.9,2315,OK
qkv_proj,column,228,5244,23,6144,896,28.1,2053,OK
qkv_proj,column,228,5472,24,6144,768,27.5,1880,OK
qkv_proj,column,228,5700,25,6144,768,27.9,1925,OK
qkv_proj,column,228,5928,26,6144,768,28.6,1956,OK
qkv_proj,column,228,6156,27,6144,768,28.9,2011,OK
qkv_proj,column,228,6384,28,6144,768,25.7,2348,OK
qkv_proj,column,228,6612,29,6144,768,27.0,2310,OK
qkv_proj,column,228,6840,30,6144,768,27.5,2351,OK
qkv_proj,column,228,7068,31,6144,768,28.0,2383,OK
qkv_proj,column,228,7296,32,6144,640,29.9,1921,OK
qkv_proj,column,228,7524,33,6144,640,29.9,1977,OK
qkv_proj,column,228,7752,34,6144,640,30.7,1983,OK
qkv_proj,column,228,7980,35,6144,640,30.9,2029,OK
qkv_proj,column,228,8208,36,6144,640,31.6,2046,OK
qkv_proj,column,228,8436,37,6144,640,28.4,2336,OK
qkv_proj,column,228,8664,38,6144,640,28.7,2377,OK
qkv_proj,column,228,8892,39,6144,640,29.1,2404,OK
qkv_proj,column,228,9120,40,6144,640,29.6,2424,OK
qkv_proj,column,228,9348,41,6144,640,30.0,2450,OK
qkv_proj,column,228,9576,42,6144,640,33.7,2234,OK
qkv_proj,column,228,9804,43,6144,640,42.4,1818,OK
qkv_proj,column,228,10032,44,6144,640,42.8,1845,OK
qkv_proj,column,228,10260,45,6144,640,42.9,1879,OK
qkv_proj,column,228,10488,46,6144,640,34.7,2377,OK
qkv_proj,column,228,10716,47,6144,640,34.5,2442,OK
qkv_proj,column,228,10944,48,6144,512,33.9,2031,OK
qkv_proj,column,228,11172,49,6144,512,33.6,2093,OK
qkv_proj,column,228,11400,50,6144,512,34.3,2090,OK
qkv_proj,column,228,11628,51,6144,512,42.4,1724,OK
qkv_proj,column,228,11856,52,6144,512,42.5,1757,OK
qkv_proj,column,228,12084,53,6144,512,42.6,1783,OK
qkv_proj,column,228,12312,54,6144,512,42.6,1820,OK
qkv_proj,column,228,12540,55,6144,512,35.1,2245,OK
qkv_proj,column,228,12768,56,6144,512,35.5,2266,OK
qkv_proj,column,228,12996,57,6144,512,37.8,2162,OK
qkv_proj,column,228,13224,58,6144,512,38.5,2158,OK
qkv_proj,column,228,13452,59,6144,512,38.7,2187,OK
qkv_proj,column,228,13680,60,6144,512,44.0,1955,OK
qkv_proj,column,228,13908,61,6144,512,44.0,1988,OK
qkv_proj,column,228,14136,62,6144,512,44.4,2005,OK
qkv_proj,column,228,14364,63,6144,512,44.6,2024,OK
qkv_proj,column,228,14592,64,6144,512,39.5,2323,OK
qkv_proj,column,228,14820,65,6144,512,46.0,2027,OK
qkv_proj,column,228,15048,66,6144,512,46.2,2049,OK
qkv_proj,column,228,15276,67,6144,512,46.3,2077,OK
qkv_proj,column,228,15504,68,6144,512,46.6,2094,OK
qkv_proj,column,228,15732,69,6144,512,58.4,1694,OK
qkv_proj,column,228,15960,70,6144,512,58.5,1717,OK
qkv_proj,column,228,16188,71,6144,512,59.1,1723,OK
qkv_proj,column,228,16416,72,6144,512,59.5,1736,OK
qkv_proj,column,250,250,1,6144,14336,30.0,1467,OK
qkv_proj,column,250,500,2,6144,7168,23.9,1846,OK
qkv_proj,column,250,750,3,6144,4864,19.3,2322,OK
qkv_proj,column,250,1000,4,6144,3584,18.0,2450,OK
qkv_proj,column,250,1250,5,6144,3072,18.8,2509,OK
qkv_proj,column,250,1500,6,6144,2560,18.8,2508,OK
qkv_proj,column,250,1750,7,6144,2304,22.5,2206,OK
qkv_proj,column,250,2000,8,6144,1792,18.3,2406,OK
qkv_proj,column,250,2250,9,6144,1664,18.5,2485,OK
qkv_proj,column,250,2500,10,6144,1536,18.6,2532,OK
qkv_proj,column,250,2750,11,6144,1408,22.3,2136,OK
qkv_proj,column,250,3000,12,6144,1280,18.8,2508,OK
qkv_proj,column,250,3250,13,6144,1280,22.7,2248,OK
qkv_proj,column,250,3500,14,6144,1152,22.9,2162,OK
qkv_proj,column,250,3750,15,6144,1152,23.1,2293,OK
qkv_proj,column,250,4000,16,6144,1024,23.3,2163,OK
qkv_proj,column,250,4250,17,6144,1024,23.6,2263,OK
qkv_proj,column,250,4500,18,6144,1024,23.8,2379,OK
qkv_proj,column,250,4750,19,6144,1024,24.0,2492,OK
qkv_proj,column,250,5000,20,6144,896,24.0,2297,OK
qkv_proj,column,250,5250,21,6144,896,24.5,2364,OK
qkv_proj,column,250,5500,22,6144,896,28.5,2125,OK
qkv_proj,column,250,5750,23,6144,896,30.4,2085,OK
qkv_proj,column,250,6000,24,6144,768,28.7,1972,OK
qkv_proj,column,250,6250,25,6144,768,29.1,2030,OK
qkv_proj,column,250,6500,26,6144,768,31.1,1970,OK
qkv_proj,column,250,6750,27,6144,768,31.2,2041,OK
qkv_proj,column,250,7000,28,6144,768,31.4,2101,OK
qkv_proj,column,250,7250,29,6144,768,31.7,2157,OK
qkv_proj,column,250,7500,30,6144,768,32.0,2213,OK
qkv_proj,column,250,7750,31,6144,768,39.2,1864,OK
qkv_proj,column,250,8000,32,6144,640,31.0,2033,OK
qkv_proj,column,250,8250,33,6144,640,31.6,2051,OK
qkv_proj,column,250,8500,34,6144,640,32.2,2074,OK
qkv_proj,column,250,8750,35,6144,640,32.7,2107,OK
qkv_proj,column,250,9000,36,6144,640,32.9,2153,OK
qkv_proj,column,250,9250,37,6144,640,33.5,2170,OK
qkv_proj,column,250,9500,38,6144,640,33.7,2220,OK
qkv_proj,column,250,9750,39,6144,640,42.6,1801,OK
qkv_proj,column,250,10000,40,6144,640,42.8,1838,OK
qkv_proj,column,250,10250,41,6144,640,43.0,1875,OK
qkv_proj,column,250,10500,42,6144,640,43.2,1910,OK
qkv_proj,column,250,10750,43,6144,640,34.7,2438,OK
qkv_proj,column,250,11000,44,6144,640,35.2,2456,OK
qkv_proj,column,250,11250,45,6144,640,35.6,2485,OK
qkv_proj,column,250,11500,46,6144,640,35.8,2524,OK
qkv_proj,column,250,11750,47,6144,640,35.9,2577,OK
qkv_proj,column,250,12000,48,6144,512,34.2,2211,OK
qkv_proj,column,250,12250,49,6144,512,35.0,2201,OK
qkv_proj,column,250,12500,50,6144,512,35.0,2245,OK
qkv_proj,column,250,12750,51,6144,512,35.4,2268,OK
qkv_proj,column,250,13000,52,6144,512,37.7,2169,OK
qkv_proj,column,250,13250,53,6144,512,38.8,2148,OK
qkv_proj,column,250,13500,54,6144,512,38.7,2197,OK
qkv_proj,column,250,13750,55,6144,512,38.7,2234,OK
qkv_proj,column,250,14000,56,6144,512,39.0,2260,OK
qkv_proj,column,250,14250,57,6144,512,39.6,2263,OK
qkv_proj,column,250,14500,58,6144,512,39.6,2305,OK
qkv_proj,column,250,14750,59,6144,512,46.1,2014,OK
qkv_proj,column,250,15000,60,6144,512,46.3,2040,OK
qkv_proj,column,250,15250,61,6144,512,46.3,2074,OK
qkv_proj,column,250,15500,62,6144,512,46.7,2089,OK
qkv_proj,column,250,15750,63,6144,512,46.9,2112,OK
qkv_proj,column,250,16000,64,6144,512,58.7,1716,OK
qkv_proj,column,250,16250,65,6144,512,59.0,1733,OK
qkv_proj,column,250,16500,66,6144,512,59.5,1744,OK
qkv_proj,column,250,16750,67,6144,512,59.8,1761,OK
qkv_proj,column,250,17000,68,6144,512,60.0,1781,OK
qkv_proj,column,250,17250,69,6144,512,60.0,1809,OK
qkv_proj,column,250,17500,70,6144,512,60.1,1831,OK
qkv_proj,column,250,17750,71,6144,512,60.1,1859,OK
qkv_proj,column,250,18000,72,6144,512,60.4,1874,OK
qkv_proj,column,256,256,1,6144,14336,30.0,1503,OK
qkv_proj,column,256,512,2,6144,7168,20.3,2224,OK
qkv_proj,column,256,768,3,6144,4864,19.3,2384,OK
qkv_proj,column,256,1024,4,6144,3584,18.1,2497,OK
qkv_proj,column,256,1280,5,6144,3072,18.9,2559,OK
qkv_proj,column,256,1536,6,6144,2560,18.8,2565,OK
qkv_proj,column,256,1792,7,6144,2304,22.5,2255,OK
qkv_proj,column,256,2048,8,6144,1792,18.3,2461,OK
qkv_proj,column,256,2304,9,6144,1664,18.6,2535,OK
qkv_proj,column,256,2560,10,6144,1536,18.7,2587,OK
qkv_proj,column,256,2816,11,6144,1408,22.4,2173,OK
qkv_proj,column,256,3072,12,6144,1280,18.8,2570,OK
qkv_proj,column,256,3328,13,6144,1280,23.1,2270,OK
qkv_proj,column,256,3584,14,6144,1152,23.0,2202,OK
qkv_proj,column,256,3840,15,6144,1152,23.4,2327,OK
qkv_proj,column,256,4096,16,6144,1024,23.5,2193,OK
qkv_proj,column,256,4352,17,6144,1024,23.9,2295,OK
qkv_proj,column,256,4608,18,6144,1024,23.9,2425,OK
qkv_proj,column,256,4864,19,6144,1024,24.3,2522,OK
qkv_proj,column,256,5120,20,6144,896,24.2,2330,OK
qkv_proj,column,256,5376,21,6144,896,24.8,2385,OK
qkv_proj,column,256,5632,22,6144,896,26.2,2370,OK
qkv_proj,column,256,5888,23,6144,896,26.4,2457,OK
qkv_proj,column,256,6144,24,6144,768,25.4,2284,OK
qkv_proj,column,256,6400,25,6144,768,25.7,2346,OK
qkv_proj,column,256,6656,26,6144,768,27.0,2329,OK
qkv_proj,column,256,6912,27,6144,768,27.4,2381,OK
qkv_proj,column,256,7168,28,6144,768,27.9,2427,OK
qkv_proj,column,256,7424,29,6144,768,28.3,2478,OK
qkv_proj,column,256,7680,30,6144,768,28.5,2547,OK
qkv_proj,column,256,7936,31,6144,768,31.5,2375,OK
qkv_proj,column,256,8192,32,6144,640,28.1,2294,OK
qkv_proj,column,256,8448,33,6144,640,28.4,2343,OK
qkv_proj,column,256,8704,34,6144,640,28.9,2372,OK
qkv_proj,column,256,8960,35,6144,640,29.3,2406,OK
qkv_proj,column,256,9216,36,6144,640,29.6,2449,OK
qkv_proj,column,256,9472,37,6144,640,29.8,2496,OK
qkv_proj,column,256,9728,38,6144,640,30.0,2551,OK
qkv_proj,column,256,9984,39,6144,640,34.2,2299,OK
qkv_proj,column,256,10240,40,6144,640,34.2,2352,OK
qkv_proj,column,256,10496,41,6144,640,34.6,2387,OK
qkv_proj,column,256,10752,42,6144,640,34.7,2437,OK
qkv_proj,column,256,11008,43,6144,640,35.0,2473,OK
qkv_proj,column,256,11264,44,6144,640,35.8,2471,OK
qkv_proj,column,256,11520,45,6144,640,35.8,2533,OK
qkv_proj,column,256,11776,46,6144,640,36.1,2562,OK
qkv_proj,column,256,12032,47,6144,640,36.3,2609,OK
qkv_proj,column,256,12288,48,6144,512,34.8,2221,OK
qkv_proj,column,256,12544,49,6144,512,34.9,2261,OK
qkv_proj,column,256,12800,50,6144,512,35.5,2267,OK
qkv_proj,column,256,13056,51,6144,512,37.9,2165,OK
qkv_proj,column,256,13312,52,6144,512,39.0,2146,OK
qkv_proj,column,256,13568,53,6144,512,38.5,2214,OK
qkv_proj,column,256,13824,54,6144,512,39.0,2233,OK
qkv_proj,column,256,14080,55,6144,512,39.4,2250,OK
qkv_proj,column,256,14336,56,6144,512,39.6,2279,OK
qkv_proj,column,256,14592,57,6144,512,39.6,2316,OK
qkv_proj,column,256,14848,58,6144,512,45.8,2038,OK
qkv_proj,column,256,15104,59,6144,512,45.9,2068,OK
qkv_proj,column,256,15360,60,6144,512,46.3,2087,OK
qkv_proj,column,256,15616,61,6144,512,46.6,2109,OK
qkv_proj,column,256,15872,62,6144,512,46.7,2138,OK
qkv_proj,column,256,16128,63,6144,512,47.2,2152,OK
qkv_proj,column,256,16384,64,6144,512,47.9,2151,OK
qkv_proj,column,256,16640,65,6144,512,47.9,2186,OK
qkv_proj,column,256,16896,66,6144,512,48.1,2210,OK
qkv_proj,column,256,17152,67,6144,512,48.6,2222,OK
qkv_proj,column,256,17408,68,6144,512,48.5,2258,OK
qkv_proj,column,256,17664,69,6144,512,48.5,2290,OK
qkv_proj,column,256,17920,70,6144,512,48.9,2306,OK
qkv_proj,column,256,18176,71,6144,512,49.2,2322,OK
qkv_proj,column,256,18432,72,6144,512,49.5,2341,OK
qkv_proj,column,271,271,1,6144,14336,36.3,1316,OK
qkv_proj,column,271,542,2,6144,7168,29.1,1641,OK
qkv_proj,column,271,813,3,6144,4864,27.5,1768,OK
qkv_proj,column,271,1084,4,6144,3584,23.1,2064,OK
qkv_proj,column,271,1355,5,6144,3072,26.6,1921,OK
qkv_proj,column,271,1626,6,6144,2560,26.2,1953,OK
qkv_proj,column,271,1897,7,6144,2304,26.0,2068,OK
qkv_proj,column,271,2168,8,6144,1792,22.3,2137,OK
qkv_proj,column,271,2439,9,6144,1664,22.5,2220,OK
qkv_proj,column,271,2710,10,6144,1536,22.5,2269,OK
qkv_proj,column,271,2981,11,6144,1408,22.7,2274,OK
qkv_proj,column,271,3252,12,6144,1280,22.8,2242,OK
qkv_proj,column,271,3523,13,6144,1280,23.2,2388,OK
qkv_proj,column,271,3794,14,6144,1152,23.3,2304,OK
qkv_proj,column,271,4065,15,6144,1152,24.1,2393,OK
qkv_proj,column,271,4336,16,6144,1024,23.7,2299,OK
qkv_proj,column,271,4607,17,6144,1024,23.9,2427,OK
qkv_proj,column,271,4878,18,6144,1024,29.6,2076,OK
qkv_proj,column,271,5149,19,6144,1024,30.1,2150,OK
qkv_proj,column,271,5420,20,6144,896,28.4,2102,OK
qkv_proj,column,271,5691,21,6144,896,30.5,2057,OK
qkv_proj,column,271,5962,22,6144,896,30.4,2156,OK
qkv_proj,column,271,6233,23,6144,896,31.1,2203,OK
qkv_proj,column,271,6504,24,6144,768,31.2,1967,OK
qkv_proj,column,271,6775,25,6144,768,31.1,2053,OK
qkv_proj,column,271,7046,26,6144,768,27.8,2395,OK
qkv_proj,column,271,7317,27,6144,768,28.0,2465,OK
qkv_proj,column,271,7588,28,6144,768,28.4,2521,OK
qkv_proj,column,271,7859,29,6144,768,31.3,2366,OK
qkv_proj,column,271,8130,30,6144,768,31.8,2412,OK
qkv_proj,column,271,8401,31,6144,768,32.4,2449,OK
qkv_proj,column,271,8672,32,6144,640,28.8,2365,OK
qkv_proj,column,271,8943,33,6144,640,29.3,2404,OK
qkv_proj,column,271,9214,34,6144,640,29.5,2459,OK
qkv_proj,column,271,9485,35,6144,640,33.4,2230,OK
qkv_proj,column,271,9756,36,6144,640,42.4,1811,OK
qkv_proj,column,271,10027,37,6144,640,42.8,1841,OK
qkv_proj,column,271,10298,38,6144,640,43.0,1884,OK
qkv_proj,column,271,10569,39,6144,640,43.2,1923,OK
qkv_proj,column,271,10840,40,6144,640,43.8,1946,OK
qkv_proj,column,271,11111,41,6144,640,44.1,1980,OK
qkv_proj,column,271,11382,42,6144,640,44.2,2027,OK
qkv_proj,column,271,11653,43,6144,640,36.1,2539,OK
qkv_proj,column,271,11924,44,6144,640,36.1,2600,OK
qkv_proj,column,271,12195,45,6144,640,36.6,2623,OK
qkv_proj,column,271,12466,46,6144,640,36.6,2676,OK
qkv_proj,column,271,12737,47,6144,640,37.3,2682,OK
qkv_proj,column,271,13008,48,6144,512,38.0,2154,OK
qkv_proj,column,271,13279,49,6144,512,39.1,2136,OK
qkv_proj,column,271,13550,50,6144,512,38.5,2216,OK
qkv_proj,column,271,13821,51,6144,512,38.6,2252,OK
qkv_proj,column,271,14092,52,6144,512,43.8,2026,OK
qkv_proj,column,271,14363,53,6144,512,44.8,2016,OK
qkv_proj,column,271,14634,54,6144,512,57.4,1604,OK
qkv_proj,column,271,14905,55,6144,512,57.6,1628,OK
qkv_proj,column,271,15176,56,6144,512,57.6,1659,OK
qkv_proj,column,271,15447,57,6144,512,57.6,1686,OK
qkv_proj,column,271,15718,58,6144,512,58.1,1701,OK
qkv_proj,column,271,15989,59,6144,512,58.2,1729,OK
qkv_proj,column,271,16260,60,6144,512,47.6,2150,OK
qkv_proj,column,271,16531,61,6144,512,47.8,2174,OK
qkv_proj,column,271,16802,62,6144,512,47.9,2207,OK
qkv_proj,column,271,17073,63,6144,512,48.3,2224,OK
qkv_proj,column,271,17344,64,6144,512,48.4,2255,OK
qkv_proj,column,271,17615,65,6144,512,48.7,2276,OK
qkv_proj,column,271,17886,66,6144,512,48.9,2300,OK
qkv_proj,column,271,18157,67,6144,512,48.9,2336,OK
qkv_proj,column,271,18428,68,6144,512,49.3,2350,OK
qkv_proj,column,271,18699,69,6144,512,61.3,1918,OK
qkv_proj,column,271,18970,70,6144,512,61.4,1943,OK
qkv_proj,column,271,19241,71,6144,512,62.1,1949,OK
qkv_proj,column,271,19512,72,6144,512,74.3,1652,OK
qkv_proj,column,288,288,1,6144,14336,36.4,1395,OK
qkv_proj,column,288,576,2,6144,7168,29.2,1740,OK
qkv_proj,column,288,864,3,6144,4864,27.8,1855,OK
qkv_proj,column,288,1152,4,6144,3584,23.0,2202,OK
qkv_proj,column,288,1440,5,6144,3072,23.5,2313,OK
qkv_proj,column,288,1728,6,6144,2560,22.8,2379,OK
qkv_proj,column,288,2016,7,6144,2304,22.9,2492,OK
qkv_proj,column,288,2304,8,6144,1792,18.8,2699,OK
qkv_proj,column,288,2592,9,6144,1664,26.5,1997,OK
qkv_proj,column,288,2880,10,6144,1536,26.8,2032,OK
qkv_proj,column,288,3168,11,6144,1408,26.8,2045,OK
qkv_proj,column,288,3456,12,6144,1280,26.3,2066,OK
qkv_proj,column,288,3744,13,6144,1280,23.5,2503,OK
qkv_proj,column,288,4032,14,6144,1152,24.0,2376,OK
qkv_proj,column,288,4320,15,6144,1152,25.0,2445,OK
qkv_proj,column,288,4608,16,6144,1024,23.7,2447,OK
qkv_proj,column,288,4896,17,6144,1024,29.5,2088,OK
qkv_proj,column,288,5184,18,6144,1024,29.9,2181,OK
qkv_proj,column,288,5472,19,6144,1024,30.6,2254,OK
qkv_proj,column,288,5760,20,6144,896,30.4,2087,OK
qkv_proj,column,288,6048,21,6144,896,26.8,2485,OK
qkv_proj,column,288,6336,22,6144,896,27.3,2555,OK
qkv_proj,column,288,6624,23,6144,896,30.9,2359,OK
qkv_proj,column,288,6912,24,6144,768,27.5,2376,OK
qkv_proj,column,288,7200,25,6144,768,31.5,2154,OK
qkv_proj,column,288,7488,26,6144,768,31.6,2240,OK
qkv_proj,column,288,7776,27,6144,768,39.3,1866,OK
qkv_proj,column,288,8064,28,6144,768,39.5,1929,OK
qkv_proj,column,288,8352,29,6144,768,32.3,2437,OK
qkv_proj,column,288,8640,30,6144,768,32.9,2477,OK
qkv_proj,column,288,8928,31,6144,768,33.2,2535,OK
qkv_proj,column,288,9216,32,6144,640,29.8,2433,OK
qkv_proj,column,288,9504,33,6144,640,33.8,2209,OK
qkv_proj,column,288,9792,34,6144,640,42.3,1819,OK
qkv_proj,column,288,10080,35,6144,640,43.1,1838,OK
qkv_proj,column,288,10368,36,6144,640,42.9,1903,OK
qkv_proj,column,288,10656,37,6144,640,34.5,2429,OK
qkv_proj,column,288,10944,38,6144,640,35.2,2445,OK
qkv_proj,column,288,11232,39,6144,640,35.5,2490,OK
qkv_proj,column,288,11520,40,6144,640,36.1,2513,OK
qkv_proj,column,288,11808,41,6144,640,44.1,2107,OK
qkv_proj,column,288,12096,42,6144,640,44.7,2127,OK
qkv_proj,column,288,12384,43,6144,640,44.6,2184,OK
qkv_proj,column,288,12672,44,6144,640,45.2,2204,OK
qkv_proj,column,288,12960,45,6144,640,41.2,2474,OK
qkv_proj,column,288,13248,46,6144,640,41.3,2521,OK
qkv_proj,column,288,13536,47,6144,640,41.6,2559,OK
qkv_proj,column,288,13824,48,6144,512,38.6,2251,OK
qkv_proj,column,288,14112,49,6144,512,44.3,2004,OK
qkv_proj,column,288,14400,50,6144,512,45.0,2013,OK
qkv_proj,column,288,14688,51,6144,512,57.5,1608,OK
qkv_proj,column,288,14976,52,6144,512,57.9,1627,OK
qkv_proj,column,288,15264,53,6144,512,46.2,2079,OK
qkv_proj,column,288,15552,54,6144,512,46.7,2094,OK
qkv_proj,column,288,15840,55,6144,512,46.6,2140,OK
qkv_proj,column,288,16128,56,6144,512,47.1,2155,OK
qkv_proj,column,288,16416,57,6144,512,59.6,1734,OK
qkv_proj,column,288,16704,58,6144,512,59.7,1761,OK
qkv_proj,column,288,16992,59,6144,512,59.9,1784,OK
qkv_proj,column,288,17280,60,6144,512,59.9,1816,OK
qkv_proj,column,288,17568,61,6144,512,48.6,2273,OK
qkv_proj,column,288,17856,62,6144,512,49.0,2295,OK
qkv_proj,column,288,18144,63,6144,512,49.0,2330,OK
qkv_proj,column,288,18432,64,6144,512,49.5,2344,OK
qkv_proj,column,288,18720,65,6144,512,61.2,1926,OK
qkv_proj,column,288,19008,66,6144,512,61.4,1948,OK
qkv_proj,column,288,19296,67,6144,512,62.0,1957,OK
qkv_proj,column,288,19584,68,6144,512,74.6,1653,OK
qkv_proj,column,288,19872,69,6144,512,59.5,2102,OK
qkv_proj,column,288,20160,70,6144,512,60.0,2115,OK
qkv_proj,column,288,20448,71,6144,512,60.5,2126,OK
qkv_proj,column,288,20736,72,6144,512,61.0,2140,OK
qkv_proj,column,328,328,1,6144,14336,36.4,1589,OK
qkv_proj,column,328,656,2,6144,7168,27.4,2107,OK
qkv_proj,column,328,984,3,6144,4864,24.9,2363,OK
qkv_proj,column,328,1312,4,6144,3584,29.3,1974,OK
qkv_proj,column,328,1640,5,6144,3072,29.4,2108,OK
qkv_proj,column,328,1968,6,6144,2560,24.7,2503,OK
qkv_proj,column,328,2296,7,6144,2304,24.7,2635,OK
qkv_proj,column,328,2624,8,6144,1792,26.7,2162,OK
qkv_proj,column,328,2952,9,6144,1664,24.9,2424,OK
qkv_proj,column,328,3280,10,6144,1536,24.6,2517,OK
qkv_proj,column,328,3608,11,6144,1408,28.3,2205,OK
qkv_proj,column,328,3936,12,6144,1280,28.5,2169,OK
qkv_proj,column,328,4264,13,6144,1280,25.6,2619,OK
qkv_proj,column,328,4592,14,6144,1152,25.6,2542,OK
qkv_proj,column,328,4920,15,6144,1152,37.8,1841,OK
qkv_proj,column,328,5248,16,6144,1024,30.3,2178,OK
qkv_proj,column,328,5576,17,6144,1024,29.6,2373,OK
qkv_proj,column,328,5904,18,6144,1024,38.3,1938,OK
qkv_proj,column,328,6232,19,6144,1024,38.9,2016,OK
qkv_proj,column,328,6560,20,6144,896,30.8,2346,OK
qkv_proj,column,328,6888,21,6144,896,31.2,2428,OK
qkv_proj,column,328,7216,22,6144,896,40.1,1983,OK
qkv_proj,column,328,7544,23,6144,896,40.2,2064,OK
qkv_proj,column,328,7872,24,6144,768,31.6,2350,OK
qkv_proj,column,328,8200,25,6144,768,39.9,1941,OK
qkv_proj,column,328,8528,26,6144,768,40.9,1969,OK
qkv_proj,column,328,8856,27,6144,768,32.9,2537,OK
qkv_proj,column,328,9184,28,6144,768,33.4,2594,OK
qkv_proj,column,328,9512,29,6144,768,42.1,2131,OK
qkv_proj,column,328,9840,30,6144,768,44.8,2072,OK
qkv_proj,column,328,10168,31,6144,768,40.0,2399,OK
qkv_proj,column,328,10496,32,6144,640,34.8,2372,OK
qkv_proj,column,328,10824,33,6144,640,43.7,1947,OK
qkv_proj,column,328,11152,34,6144,640,35.3,2482,OK
qkv_proj,column,328,11480,35,6144,640,35.7,2527,OK
qkv_proj,column,328,11808,36,6144,640,44.4,2092,OK
qkv_proj,column,328,12136,37,6144,640,44.6,2139,OK
qkv_proj,column,328,12464,38,6144,640,37.0,2647,OK
qkv_proj,column,328,12792,39,6144,640,37.2,2706,OK
qkv_proj,column,328,13120,40,6144,640,46.3,2229,OK
qkv_proj,column,328,13448,41,6144,640,41.7,2534,OK
qkv_proj,column,328,13776,42,6144,640,41.9,2584,OK
qkv_proj,column,328,14104,43,6144,640,47.8,2319,OK
qkv_proj,column,328,14432,44,6144,640,48.5,2340,OK
qkv_proj,column,328,14760,45,6144,640,49.3,2357,OK
qkv_proj,column,328,15088,46,6144,640,49.4,2404,OK
qkv_proj,column,328,15416,47,6144,640,61.2,1982,OK
qkv_proj,column,328,15744,48,6144,512,58.3,1699,OK
qkv_proj,column,328,16072,49,6144,512,47.2,2141,OK
qkv_proj,column,328,16400,50,6144,512,59.6,1732,OK
qkv_proj,column,328,16728,51,6144,512,59.7,1763,OK
qkv_proj,column,328,17056,52,6144,512,48.1,2230,OK
qkv_proj,column,328,17384,53,6144,512,48.5,2254,OK
qkv_proj,column,328,17712,54,6144,512,60.3,1849,OK
qkv_proj,column,328,18040,55,6144,512,60.3,1884,OK
qkv_proj,column,328,18368,56,6144,512,49.6,2328,OK
qkv_proj,column,328,18696,57,6144,512,61.2,1922,OK
qkv_proj,column,328,19024,58,6144,512,61.6,1944,OK
qkv_proj,column,328,19352,59,6144,512,50.9,2391,OK
qkv_proj,column,328,19680,60,6144,512,59.5,2080,OK
qkv_proj,column,328,20008,61,6144,512,74.9,1680,OK
qkv_proj,column,328,20336,62,6144,512,74.4,1720,OK
qkv_proj,column,328,20664,63,6144,512,61.0,2131,OK
qkv_proj,column,328,20992,64,6144,512,61.2,2158,OK
qkv_proj,column,328,21320,65,6144,512,76.6,1751,OK
qkv_proj,column,328,21648,66,6144,512,62.3,2187,OK
qkv_proj,column,328,21976,67,6144,512,62.5,2211,OK
qkv_proj,column,328,22304,68,6144,512,77.3,1815,OK
qkv_proj,column,328,22632,69,6144,512,77.7,1833,OK
qkv_proj,column,328,22960,70,6144,512,63.2,2285,OK
qkv_proj,column,328,23288,71,6144,512,64.3,2280,OK
qkv_proj,column,328,23616,72,6144,512,78.7,1889,OK
o_proj,row,128,128,1,12288,6144,26.6,726,OK
o_proj,row,128,256,2,6144,6144,14.8,1302,OK
o_proj,row,128,384,3,4096,6144,12.8,1513,OK
o_proj,row,128,512,4,3072,6144,11.8,1632,OK
o_proj,row,128,640,5,2560,6144,12.7,1586,OK
o_proj,row,128,768,6,2048,6144,12.0,1617,OK
o_proj,row,128,896,7,1792,6144,12.6,1564,OK
o_proj,row,128,1024,8,1536,6144,11.6,1661,OK
o_proj,row,128,1152,9,1408,6144,12.8,1553,OK
o_proj,row,128,1280,10,1280,6144,11.9,1691,OK
o_proj,row,128,1408,11,1152,6144,13.2,1515,OK
o_proj,row,128,1536,12,1024,6144,11.7,1650,OK
o_proj,row,128,1664,13,1024,6144,14.1,1486,OK
o_proj,row,128,1792,14,896,6144,11.5,1714,OK
o_proj,row,128,1920,15,896,6144,14.1,1504,OK
o_proj,row,128,2048,16,768,6144,11.5,1675,OK
o_proj,row,128,2176,17,768,6144,13.9,1477,OK
o_proj,row,128,2304,18,768,6144,12.3,1774,OK
o_proj,row,128,2432,19,768,6144,14.1,1628,OK
o_proj,row,128,2560,20,640,6144,12.7,1586,OK
o_proj,row,128,2688,21,640,6144,14.1,1496,OK
o_proj,row,128,2816,22,640,6144,12.9,1723,OK
o_proj,row,128,2944,23,640,6144,14.8,1563,OK
o_proj,row,128,3072,24,512,6144,13.4,1447,OK
o_proj,row,128,3200,25,512,6144,14.4,1399,OK
o_proj,row,128,3328,26,512,6144,13.5,1555,OK
o_proj,row,128,3456,27,512,6144,14.6,1486,OK
o_proj,row,128,3584,28,512,6144,13.5,1676,OK
o_proj,row,128,3712,29,512,6144,16.7,1401,OK
o_proj,row,128,3840,30,512,6144,15.3,1581,OK
o_proj,row,128,3968,31,512,6144,16.7,1496,OK
o_proj,row,128,4096,32,384,6144,14.1,1372,OK
o_proj,row,128,4224,33,384,6144,15.0,1327,OK
o_proj,row,128,4352,34,384,6144,15.6,1320,OK
o_proj,row,128,4480,35,384,6144,16.8,1260,OK
o_proj,row,128,4608,36,384,6144,15.7,1385,OK
o_proj,row,128,4736,37,384,6144,16.9,1319,OK
o_proj,row,128,4864,38,384,6144,15.8,1451,OK
o_proj,row,128,4992,39,384,6144,18.4,1279,OK
o_proj,row,128,5120,40,384,6144,17.3,1398,OK
o_proj,row,128,5248,41,384,6144,18.7,1327,OK
o_proj,row,128,5376,42,384,6144,17.5,1447,OK
o_proj,row,128,5504,43,384,6144,18.7,1391,OK
o_proj,row,128,5632,44,384,6144,18.9,1408,OK
o_proj,row,128,5760,45,384,6144,20.5,1326,OK
o_proj,row,128,5888,46,384,6144,19.1,1456,OK
o_proj,row,128,6016,47,384,6144,20.6,1379,OK
o_proj,row,128,6144,48,256,6144,17.3,1120,OK
o_proj,row,128,6272,49,256,6144,18.1,1093,OK
o_proj,row,128,6400,50,256,6144,17.3,1163,OK
o_proj,row,128,6528,51,256,6144,19.1,1076,OK
o_proj,row,128,6656,52,256,6144,18.1,1155,OK
o_proj,row,128,6784,53,256,6144,19.1,1115,OK
o_proj,row,128,6912,54,256,6144,19.0,1147,OK
o_proj,row,128,7040,55,256,6144,20.0,1106,OK
o_proj,row,128,7168,56,256,6144,19.0,1187,OK
o_proj,row,128,7296,57,256,6144,20.0,1146,OK
o_proj,row,128,7424,58,256,6144,19.7,1184,OK
o_proj,row,128,7552,59,256,6144,21.0,1129,OK
o_proj,row,128,7680,60,256,6144,20.1,1202,OK
o_proj,row,128,7808,61,256,6144,21.8,1127,OK
o_proj,row,128,7936,62,256,6144,20.9,1193,OK
o_proj,row,128,8064,63,256,6144,22.1,1148,OK
o_proj,row,128,8192,64,256,6144,21.6,1190,OK
o_proj,row,128,8320,65,256,6144,23.0,1136,OK
o_proj,row,128,8448,66,256,6144,21.8,1221,OK
o_proj,row,128,8576,67,256,6144,23.8,1132,OK
o_proj,row,128,8704,68,256,6144,22.6,1213,OK
o_proj,row,128,8832,69,256,6144,23.9,1161,OK
o_proj,row,128,8960,70,256,6144,23.4,1207,OK
o_proj,row,128,9088,71,256,6144,25.0,1144,OK
o_proj,row,128,9216,72,256,6144,23.5,1231,OK
o_proj,row,148,148,1,12288,6144,27.8,805,OK
o_proj,row,148,296,2,6144,6144,17.4,1286,OK
o_proj,row,148,444,3,4096,6144,16.6,1345,OK
o_proj,row,148,592,4,3072,6144,14.3,1566,OK
o_proj,row,148,740,5,2560,6144,13.5,1725,OK
o_proj,row,148,888,6,2048,6144,13.5,1659,OK
o_proj,row,148,1036,7,1792,6144,14.8,1546,OK
o_proj,row,148,1184,8,1536,6144,12.5,1787,OK
o_proj,row,148,1332,9,1408,6144,14.5,1589,OK
o_proj,row,148,1480,10,1280,6144,13.7,1701,OK
o_proj,row,148,1628,11,1152,6144,14.9,1546,OK
o_proj,row,148,1776,12,1024,6144,12.1,1842,OK
o_proj,row,148,1924,13,1024,6144,13.2,1834,OK
o_proj,row,148,2072,14,896,6144,15.9,1434,OK
o_proj,row,148,2220,15,896,6144,13.6,1798,OK
o_proj,row,148,2368,16,768,6144,14.1,1587,OK
o_proj,row,148,2516,17,768,6144,13.4,1773,OK
o_proj,row,148,2664,18,768,6144,15.4,1634,OK
o_proj,row,148,2812,19,768,6144,13.9,1905,OK
o_proj,row,148,2960,20,640,6144,14.8,1568,OK
o_proj,row,148,3108,21,640,6144,16.6,1470,OK
o_proj,row,148,3256,22,640,6144,15.0,1711,OK
o_proj,row,148,3404,23,640,6144,16.8,1590,OK
o_proj,row,148,3552,24,512,6144,13.4,1663,OK
o_proj,row,148,3700,25,512,6144,16.7,1398,OK
o_proj,row,148,3848,26,512,6144,16.7,1450,OK
o_proj,row,148,3996,27,512,6144,15.4,1634,OK
o_proj,row,148,4144,28,512,6144,16.8,1552,OK
o_proj,row,148,4292,29,512,6144,17.1,1583,OK
o_proj,row,148,4440,30,512,6144,19.0,1471,OK
o_proj,row,148,4588,31,512,6144,17.2,1680,OK
o_proj,row,148,4736,32,384,6144,16.8,1331,OK
o_proj,row,148,4884,33,384,6144,18.5,1246,OK
o_proj,row,148,5032,34,384,6144,17.3,1371,OK
o_proj,row,148,5180,35,384,6144,18.5,1318,OK
o_proj,row,148,5328,36,384,6144,17.6,1432,OK
o_proj,row,148,5476,37,384,6144,18.6,1386,OK
o_proj,row,148,5624,38,384,6144,19.0,1395,OK
o_proj,row,148,5772,39,384,6144,19.1,1423,OK
o_proj,row,148,5920,40,384,6144,20.7,1351,OK
o_proj,row,148,6068,41,384,6144,19.3,1484,OK
o_proj,row,148,6216,42,384,6144,22.5,1302,OK
o_proj,row,148,6364,43,384,6144,20.7,1451,OK
o_proj,row,148,6512,44,384,6144,22.5,1364,OK
o_proj,row,148,6660,45,384,6144,22.6,1388,OK
o_proj,row,148,6808,46,384,6144,21.0,1528,OK
o_proj,row,148,6956,47,384,6144,24.2,1356,OK
o_proj,row,148,7104,48,256,6144,18.9,1181,OK
o_proj,row,148,7252,49,256,6144,20.0,1138,OK
o_proj,row,148,7400,50,256,6144,19.8,1178,OK
o_proj,row,148,7548,51,256,6144,21.2,1121,OK
o_proj,row,148,7696,52,256,6144,21.7,1114,OK
o_proj,row,148,7844,53,256,6144,20.8,1184,OK
o_proj,row,148,7992,54,256,6144,22.1,1139,OK
o_proj,row,148,8140,55,256,6144,21.4,1195,OK
o_proj,row,148,8288,56,256,6144,23.0,1132,OK
o_proj,row,148,8436,57,256,6144,21.8,1218,OK
o_proj,row,148,8584,58,256,6144,22.3,1209,OK
o_proj,row,148,8732,59,256,6144,24.0,1146,OK
o_proj,row,148,8880,60,256,6144,23.4,1192,OK
o_proj,row,148,9028,61,256,6144,24.9,1142,OK
o_proj,row,148,9176,62,256,6144,23.4,1231,OK
o_proj,row,148,9324,63,256,6144,25.7,1141,OK
o_proj,row,148,9472,64,256,6144,24.1,1235,OK
o_proj,row,148,9620,65,256,6144,24.4,1241,OK
o_proj,row,148,9768,66,256,6144,26.6,1155,OK
o_proj,row,148,9916,67,256,6144,25.1,1242,OK
o_proj,row,148,10064,68,256,6144,26.5,1193,OK
o_proj,row,148,10212,69,256,6144,25.9,1240,OK
o_proj,row,148,10360,70,256,6144,27.8,1174,OK
o_proj,row,148,10508,71,256,6144,28.7,1151,OK
o_proj,row,148,10656,72,256,6144,26.9,1245,OK
o_proj,row,168,168,1,12288,6144,27.9,911,OK
o_proj,row,168,336,2,6144,6144,17.4,1456,OK
o_proj,row,168,504,3,4096,6144,16.7,1522,OK
o_proj,row,168,672,4,3072,6144,14.9,1698,OK
o_proj,row,168,840,5,2560,6144,15.3,1728,OK
o_proj,row,168,1008,6,2048,6144,14.0,1808,OK
o_proj,row,168,1176,7,1792,6144,13.8,1876,OK
o_proj,row,168,1344,8,1536,6144,15.0,1692,OK
o_proj,row,168,1512,9,1408,6144,14.5,1808,OK
o_proj,row,168,1680,10,1280,6144,13.8,1909,OK
o_proj,row,168,1848,11,1152,6144,16.0,1635,OK
o_proj,row,168,2016,12,1024,6144,13.3,1903,OK
o_proj,row,168,2184,13,1024,6144,14.2,1941,OK
o_proj,row,168,2352,14,896,6144,16.0,1614,OK
o_proj,row,168,2520,15,896,6144,14.5,1910,OK
o_proj,row,168,2688,16,768,6144,15.4,1646,OK
o_proj,row,168,2856,17,768,6144,16.5,1631,OK
o_proj,row,168,3024,18,768,6144,15.6,1827,OK
o_proj,row,168,3192,19,768,6144,18.2,1654,OK
o_proj,row,168,3360,20,640,6144,16.8,1571,OK
o_proj,row,168,3528,21,640,6144,15.0,1847,OK
o_proj,row,168,3696,22,640,6144,19.1,1520,OK
o_proj,row,168,3864,23,640,6144,19.3,1575,OK
o_proj,row,168,4032,24,512,6144,15.5,1640,OK
o_proj,row,168,4200,25,512,6144,16.8,1576,OK
o_proj,row,168,4368,26,512,6144,18.9,1456,OK
o_proj,row,168,4536,27,512,6144,17.2,1661,OK
o_proj,row,168,4704,28,512,6144,19.0,1557,OK
o_proj,row,168,4872,29,512,6144,20.9,1465,OK
o_proj,row,168,5040,30,512,6144,19.0,1670,OK
o_proj,row,168,5208,31,512,6144,21.2,1546,OK
o_proj,row,168,5376,32,384,6144,17.5,1450,OK
o_proj,row,168,5544,33,384,6144,19.0,1379,OK
o_proj,row,168,5712,34,384,6144,20.5,1315,OK
o_proj,row,168,5880,35,384,6144,19.1,1454,OK
o_proj,row,168,6048,36,384,6144,19.1,1491,OK
o_proj,row,168,6216,37,384,6144,22.6,1301,OK
o_proj,row,168,6384,38,384,6144,20.7,1456,OK
o_proj,row,168,6552,39,384,6144,20.8,1487,OK
o_proj,row,168,6720,40,384,6144,22.6,1401,OK
o_proj,row,168,6888,41,384,6144,21.0,1548,OK
o_proj,row,168,7056,42,384,6144,22.4,1485,OK
o_proj,row,168,7224,43,384,6144,24.4,1395,OK
o_proj,row,168,7392,44,384,6144,22.6,1543,OK
o_proj,row,168,7560,45,384,6144,23.9,1491,OK
o_proj,row,168,7728,46,384,6144,26.3,1389,OK
o_proj,row,168,7896,47,384,6144,24.3,1535,OK
o_proj,row,168,8064,48,256,6144,22.0,1154,OK
o_proj,row,168,8232,49,256,6144,23.0,1125,OK
o_proj,row,168,8400,50,256,6144,21.5,1232,OK
o_proj,row,168,8568,51,256,6144,23.8,1131,OK
o_proj,row,168,8736,52,256,6144,24.0,1144,OK
o_proj,row,168,8904,53,256,6144,23.4,1198,OK
o_proj,row,168,9072,54,256,6144,24.9,1145,OK
o_proj,row,168,9240,55,256,6144,25.5,1139,OK
o_proj,row,168,9408,56,256,6144,24.3,1218,OK
o_proj,row,168,9576,57,256,6144,25.9,1162,OK
o_proj,row,168,9744,58,256,6144,26.8,1145,OK
o_proj,row,168,9912,59,256,6144,25.2,1235,OK
o_proj,row,168,10080,60,256,6144,26.6,1193,OK
o_proj,row,168,10248,61,256,6144,27.7,1165,OK
o_proj,row,168,10416,62,256,6144,26.3,1248,OK
o_proj,row,168,10584,63,256,6144,28.7,1161,OK
o_proj,row,168,10752,64,256,6144,27.0,1252,OK
o_proj,row,168,10920,65,256,6144,27.7,1239,OK
o_proj,row,168,11088,66,256,6144,29.7,1176,OK
o_proj,row,168,11256,67,256,6144,27.8,1271,OK
o_proj,row,168,11424,68,256,6144,28.7,1253,OK
o_proj,row,168,11592,69,256,6144,30.5,1194,OK
o_proj,row,168,11760,70,256,6144,29.6,1248,OK
o_proj,row,168,11928,71,256,6144,29.6,1267,OK
o_proj,row,168,12096,72,256,6144,31.5,1206,OK
o_proj,row,228,228,1,12288,6144,28.1,1224,OK
o_proj,row,228,456,2,6144,6144,22.9,1503,OK
o_proj,row,228,684,3,4096,6144,18.3,1886,OK
o_proj,row,228,912,4,3072,6144,17.8,1937,OK
o_proj,row,228,1140,5,2560,6144,19.5,1835,OK
o_proj,row,228,1368,6,2048,6144,18.0,1913,OK
o_proj,row,228,1596,7,1792,6144,20.1,1746,OK
o_proj,row,228,1824,8,1536,6144,19.2,1790,OK
o_proj,row,228,2052,9,1408,6144,20.9,1699,OK
o_proj,row,228,2280,10,1280,6144,17.3,2076,OK
o_proj,row,228,2508,11,1152,6144,17.1,2076,OK
o_proj,row,228,2736,12,1024,6144,16.5,2090,OK
o_proj,row,228,2964,13,1024,6144,18.0,2074,OK
o_proj,row,228,3192,14,896,6144,19.5,1802,OK
o_proj,row,228,3420,15,896,6144,19.7,1911,OK
o_proj,row,228,3648,16,768,6144,20.9,1651,OK
o_proj,row,228,3876,17,768,6144,21.0,1742,OK
o_proj,row,228,4104,18,768,6144,21.5,1801,OK
o_proj,row,228,4332,19,768,6144,20.3,2013,OK
o_proj,row,228,4560,20,640,6144,18.7,1919,OK
o_proj,row,228,4788,21,640,6144,19.1,1971,OK
o_proj,row,228,5016,22,640,6144,20.7,1904,OK
o_proj,row,228,5244,23,640,6144,24.2,1702,OK
o_proj,row,228,5472,24,512,6144,21.2,1622,OK
o_proj,row,228,5700,25,512,6144,23.3,1541,OK
o_proj,row,228,5928,26,512,6144,23.3,1599,OK
o_proj,row,228,6156,27,512,6144,25.4,1527,OK
o_proj,row,228,6384,28,512,6144,22.7,1769,OK
o_proj,row,228,6612,29,512,6144,23.0,1813,OK
o_proj,row,228,6840,30,512,6144,23.1,1865,OK
o_proj,row,228,7068,31,512,6144,24.7,1803,OK
o_proj,row,228,7296,32,384,6144,24.4,1408,OK
o_proj,row,228,7524,33,384,6144,24.6,1443,OK
o_proj,row,228,7752,34,384,6144,26.1,1400,OK
o_proj,row,228,7980,35,384,6144,26.3,1430,OK
o_proj,row,228,8208,36,384,6144,26.3,1472,OK
o_proj,row,228,8436,37,384,6144,25.8,1545,OK
o_proj,row,228,8664,38,384,6144,26.0,1575,OK
o_proj,row,228,8892,39,384,6144,26.2,1600,OK
o_proj,row,228,9120,40,384,6144,27.4,1568,OK
o_proj,row,228,9348,41,384,6144,27.9,1583,OK
o_proj,row,228,9576,42,384,6144,30.5,1480,OK
o_proj,row,228,9804,43,384,6144,32.0,1445,OK
o_proj,row,228,10032,44,384,6144,32.3,1466,OK
o_proj,row,228,10260,45,384,6144,32.2,1503,OK
o_proj,row,228,10488,46,384,6144,30.9,1602,OK
o_proj,row,228,10716,47,384,6144,31.3,1613,OK
o_proj,row,228,10944,48,256,6144,27.8,1240,OK
o_proj,row,228,11172,49,256,6144,27.8,1263,OK
o_proj,row,228,11400,50,256,6144,28.6,1252,OK
o_proj,row,228,11628,51,256,6144,30.6,1197,OK
o_proj,row,228,11856,52,256,6144,31.5,1184,OK
o_proj,row,228,12084,53,256,6144,31.5,1208,OK
o_proj,row,228,12312,54,256,6144,32.5,1192,OK
o_proj,row,228,12540,55,256,6144,30.6,1290,OK
o_proj,row,228,12768,56,256,6144,31.4,1278,OK
o_proj,row,228,12996,57,256,6144,32.1,1272,OK
o_proj,row,228,13224,58,256,6144,32.3,1286,OK
o_proj,row,228,13452,59,256,6144,33.3,1272,OK
o_proj,row,228,13680,60,256,6144,35.3,1218,OK
o_proj,row,228,13908,61,256,6144,36.4,1203,OK
o_proj,row,228,14136,62,256,6144,37.5,1186,OK
o_proj,row,228,14364,63,256,6144,37.4,1207,OK
o_proj,row,228,14592,64,256,6144,35.3,1302,OK
o_proj,row,228,14820,65,256,6144,36.0,1296,OK
o_proj,row,228,15048,66,256,6144,36.7,1288,OK
o_proj,row,228,15276,67,256,6144,37.0,1300,OK
o_proj,row,228,15504,68,256,6144,37.7,1293,OK
o_proj,row,228,15732,69,256,6144,40.4,1225,OK
o_proj,row,228,15960,70,256,6144,41.3,1217,OK
o_proj,row,228,16188,71,256,6144,42.5,1199,OK
o_proj,row,228,16416,72,256,6144,42.2,1223,OK
o_proj,row,250,250,1,12288,6144,28.2,1341,OK
o_proj,row,250,500,2,6144,6144,23.0,1644,OK
o_proj,row,250,750,3,4096,6144,18.4,2056,OK
o_proj,row,250,1000,4,3072,6144,18.0,2100,OK
o_proj,row,250,1250,5,2560,6144,17.2,2280,OK
o_proj,row,250,1500,6,2048,6144,18.0,2098,OK
o_proj,row,250,1750,7,1792,6144,17.1,2259,OK
o_proj,row,250,2000,8,1536,6144,16.8,2244,OK
o_proj,row,250,2250,9,1408,6144,18.2,2136,OK
o_proj,row,250,2500,10,1280,6144,17.9,2195,OK
o_proj,row,250,2750,11,1152,6144,18.6,2088,OK
o_proj,row,250,3000,12,1024,6144,18.0,2094,OK
o_proj,row,250,3250,13,1024,6144,18.2,2245,OK
o_proj,row,250,3500,14,896,6144,17.9,2156,OK
o_proj,row,250,3750,15,896,6144,19.4,2129,OK
o_proj,row,250,4000,16,768,6144,18.1,2080,OK
o_proj,row,250,4250,17,768,6144,20.3,1979,OK
o_proj,row,250,4500,18,768,6144,20.4,2085,OK
o_proj,row,250,4750,19,768,6144,20.7,2165,OK
o_proj,row,250,5000,20,640,6144,20.8,1887,OK
o_proj,row,250,5250,21,640,6144,21.2,1948,OK
o_proj,row,250,5500,22,640,6144,24.5,1765,OK
o_proj,row,250,5750,23,640,6144,26.7,1693,OK
o_proj,row,250,6000,24,512,6144,23.4,1612,OK
o_proj,row,250,6250,25,512,6144,25.4,1548,OK
o_proj,row,250,6500,26,512,6144,25.5,1603,OK
o_proj,row,250,6750,27,512,6144,25.6,1659,OK
o_proj,row,250,7000,28,512,6144,27.7,1589,OK
o_proj,row,250,7250,29,512,6144,27.9,1638,OK
o_proj,row,250,7500,30,512,6144,28.1,1681,OK
o_proj,row,250,7750,31,512,6144,30.0,1625,OK
o_proj,row,250,8000,32,384,6144,26.2,1441,OK
o_proj,row,250,8250,33,384,6144,26.3,1483,OK
o_proj,row,250,8500,34,384,6144,28.2,1420,OK
o_proj,row,250,8750,35,384,6144,28.2,1464,OK
o_proj,row,250,9000,36,384,6144,30.2,1408,OK
o_proj,row,250,9250,37,384,6144,30.3,1439,OK
o_proj,row,250,9500,38,384,6144,30.3,1477,OK
o_proj,row,250,9750,39,384,6144,32.0,1436,OK
o_proj,row,250,10000,40,384,6144,32.3,1462,OK
o_proj,row,250,10250,41,384,6144,32.3,1496,OK
o_proj,row,250,10500,42,384,6144,34.3,1445,OK
o_proj,row,250,10750,43,384,6144,31.3,1618,OK
o_proj,row,250,11000,44,384,6144,31.4,1653,OK
o_proj,row,250,11250,45,384,6144,33.1,1606,OK
o_proj,row,250,11500,46,384,6144,33.1,1640,OK
o_proj,row,250,11750,47,384,6144,33.2,1669,OK
o_proj,row,250,12000,48,256,6144,29.6,1275,OK
o_proj,row,250,12250,49,256,6144,30.5,1265,OK
o_proj,row,250,12500,50,256,6144,30.6,1285,OK
o_proj,row,250,12750,51,256,6144,31.3,1283,OK
o_proj,row,250,13000,52,256,6144,32.2,1268,OK
o_proj,row,250,13250,53,256,6144,32.1,1297,OK
o_proj,row,250,13500,54,256,6144,33.1,1281,OK
o_proj,row,250,13750,55,256,6144,34.0,1271,OK
o_proj,row,250,14000,56,256,6144,34.1,1293,OK
o_proj,row,250,14250,57,256,6144,34.7,1293,OK
o_proj,row,250,14500,58,256,6144,35.1,1300,OK
o_proj,row,250,14750,59,256,6144,36.0,1291,OK
o_proj,row,250,15000,60,256,6144,36.8,1282,OK
o_proj,row,250,15250,61,256,6144,36.9,1301,OK
o_proj,row,250,15500,62,256,6144,37.7,1295,OK
o_proj,row,250,15750,63,256,6144,38.7,1281,OK
o_proj,row,250,16000,64,256,6144,41.4,1217,OK
o_proj,row,250,16250,65,256,6144,42.6,1201,OK
o_proj,row,250,16500,66,256,6144,42.6,1218,OK
o_proj,row,250,16750,67,256,6144,43.4,1215,OK
o_proj,row,250,17000,68,256,6144,43.4,1232,OK
o_proj,row,250,17250,69,256,6144,44.7,1215,OK
o_proj,row,250,17500,70,256,6144,45.5,1209,OK
o_proj,row,250,17750,71,256,6144,45.3,1232,OK
o_proj,row,250,18000,72,256,6144,46.5,1217,OK
o_proj,row,256,256,1,12288,6144,28.3,1368,OK
o_proj,row,256,512,2,6144,6144,19.1,2029,OK
o_proj,row,256,768,3,4096,6144,18.4,2102,OK
o_proj,row,256,1024,4,3072,6144,17.9,2155,OK
o_proj,row,256,1280,5,2560,6144,17.3,2322,OK
o_proj,row,256,1536,6,2048,6144,18.3,2115,OK
o_proj,row,256,1792,7,1792,6144,17.4,2268,OK
o_proj,row,256,2048,8,1536,6144,16.9,2294,OK
o_proj,row,256,2304,9,1408,6144,18.5,2154,OK
o_proj,row,256,2560,10,1280,6144,18.0,2233,OK
o_proj,row,256,2816,11,1152,6144,18.8,2120,OK
o_proj,row,256,3072,12,1024,6144,18.1,2135,OK
o_proj,row,256,3328,13,1024,6144,18.2,2295,OK
o_proj,row,256,3584,14,896,6144,18.0,2196,OK
o_proj,row,256,3840,15,896,6144,19.4,2185,OK
o_proj,row,256,4096,16,768,6144,18.4,2103,OK
o_proj,row,256,4352,17,768,6144,20.2,2030,OK
o_proj,row,256,4608,18,768,6144,20.3,2139,OK
o_proj,row,256,4864,19,768,6144,20.9,2198,OK
o_proj,row,256,5120,20,640,6144,20.9,1931,OK
o_proj,row,256,5376,21,640,6144,21.2,1994,OK
o_proj,row,256,5632,22,640,6144,23.0,1923,OK
o_proj,row,256,5888,23,640,6144,23.1,2006,OK
o_proj,row,256,6144,24,512,6144,21.0,1838,OK
o_proj,row,256,6400,25,512,6144,22.9,1762,OK
o_proj,row,256,6656,26,512,6144,23.0,1817,OK
o_proj,row,256,6912,27,512,6144,23.2,1872,OK
o_proj,row,256,7168,28,512,6144,24.8,1816,OK
o_proj,row,256,7424,29,512,6144,25.0,1871,OK
o_proj,row,256,7680,30,512,6144,26.6,1814,OK
o_proj,row,256,7936,31,512,6144,26.7,1871,OK
o_proj,row,256,8192,32,384,6144,24.3,1588,OK
o_proj,row,256,8448,33,384,6144,25.8,1547,OK
o_proj,row,256,8704,34,384,6144,25.9,1586,OK
o_proj,row,256,8960,35,384,6144,26.3,1610,OK
o_proj,row,256,9216,36,384,6144,27.6,1576,OK
o_proj,row,256,9472,37,384,6144,27.8,1608,OK
o_proj,row,256,9728,38,384,6144,27.9,1648,OK
o_proj,row,256,9984,39,384,6144,29.4,1600,OK
o_proj,row,256,10240,40,384,6144,29.5,1637,OK
o_proj,row,256,10496,41,384,6144,31.1,1591,OK
o_proj,row,256,10752,42,384,6144,31.3,1621,OK
o_proj,row,256,11008,43,384,6144,31.4,1653,OK
o_proj,row,256,11264,44,384,6144,33.0,1610,OK
o_proj,row,256,11520,45,384,6144,33.1,1642,OK
o_proj,row,256,11776,46,384,6144,33.3,1670,OK
o_proj,row,256,12032,47,384,6144,35.1,1618,OK
o_proj,row,256,12288,48,256,6144,30.4,1270,OK
o_proj,row,256,12544,49,256,6144,30.6,1288,OK
o_proj,row,256,12800,50,256,6144,31.3,1286,OK
o_proj,row,256,13056,51,256,6144,32.2,1274,OK
o_proj,row,256,13312,52,256,6144,32.2,1299,OK
o_proj,row,256,13568,53,256,6144,33.2,1284,OK
o_proj,row,256,13824,54,256,6144,34.0,1281,OK
o_proj,row,256,14080,55,256,6144,34.1,1300,OK
o_proj,row,256,14336,56,256,6144,34.8,1295,OK
o_proj,row,256,14592,57,256,6144,35.1,1308,OK
o_proj,row,256,14848,58,256,6144,35.9,1300,OK
o_proj,row,256,15104,59,256,6144,36.8,1290,OK
o_proj,row,256,15360,60,256,6144,37.0,1306,OK
o_proj,row,256,15616,61,256,6144,37.7,1303,OK
o_proj,row,256,15872,62,256,6144,38.7,1291,OK
o_proj,row,256,16128,63,256,6144,38.8,1308,OK
o_proj,row,256,16384,64,256,6144,39.5,1304,OK
o_proj,row,256,16640,65,256,6144,40.5,1294,OK
o_proj,row,256,16896,66,256,6144,40.5,1311,OK
o_proj,row,256,17152,67,256,6144,41.6,1298,OK
o_proj,row,256,17408,68,256,6144,41.7,1314,OK
o_proj,row,256,17664,69,256,6144,42.5,1307,OK
o_proj,row,256,17920,70,256,6144,43.3,1301,OK
o_proj,row,256,18176,71,256,6144,43.6,1311,OK
o_proj,row,256,18432,72,256,6144,44.8,1296,OK
o_proj,row,271,271,1,12288,6144,32.8,1247,OK
o_proj,row,271,542,2,6144,6144,24.3,1683,OK
o_proj,row,271,813,3,4096,6144,21.7,1890,OK
o_proj,row,271,1084,4,3072,6144,22.4,1829,OK
o_proj,row,271,1355,5,2560,6144,21.0,2032,OK
o_proj,row,271,1626,6,2048,6144,22.4,1827,OK
o_proj,row,271,1897,7,1792,6144,21.5,1944,OK
o_proj,row,271,2168,8,1536,6144,22.8,1791,OK
o_proj,row,271,2439,9,1408,6144,18.9,2235,OK
o_proj,row,271,2710,10,1280,6144,19.8,2152,OK
o_proj,row,271,2981,11,1152,6144,19.3,2189,OK
o_proj,row,271,3252,12,1024,6144,18.2,2254,OK
o_proj,row,271,3523,13,1024,6144,19.1,2327,OK
o_proj,row,271,3794,14,896,6144,19.5,2139,OK
o_proj,row,271,4065,15,896,6144,19.7,2276,OK
o_proj,row,271,4336,16,768,6144,20.1,2033,OK
o_proj,row,271,4607,17,768,6144,20.2,2151,OK
o_proj,row,271,4878,18,768,6144,26.4,1745,OK
o_proj,row,271,5149,19,768,6144,26.7,1819,OK
o_proj,row,271,5420,20,640,6144,24.4,1750,OK
o_proj,row,271,5691,21,640,6144,26.7,1676,OK
o_proj,row,271,5962,22,640,6144,26.7,1754,OK
o_proj,row,271,6233,23,640,6144,29.1,1683,OK
o_proj,row,271,6504,24,512,6144,25.5,1602,OK
o_proj,row,271,6775,25,512,6144,25.7,1662,OK
o_proj,row,271,7046,26,512,6144,24.7,1794,OK
o_proj,row,271,7317,27,512,6144,24.9,1848,OK
o_proj,row,271,7588,28,512,6144,26.5,1800,OK
o_proj,row,271,7859,29,512,6144,26.6,1860,OK
o_proj,row,271,8130,30,512,6144,27.0,1894,OK
o_proj,row,271,8401,31,512,6144,28.4,1858,OK
o_proj,row,271,8672,32,384,6144,26.1,1567,OK
o_proj,row,271,8943,33,384,6144,26.2,1608,OK
o_proj,row,271,9214,34,384,6144,27.6,1574,OK
o_proj,row,271,9485,35,384,6144,30.3,1475,OK
o_proj,row,271,9756,36,384,6144,32.3,1427,OK
o_proj,row,271,10027,37,384,6144,32.2,1471,OK
o_proj,row,271,10298,38,384,6144,32.4,1499,OK
o_proj,row,271,10569,39,384,6144,34.2,1460,OK
o_proj,row,271,10840,40,384,6144,34.0,1504,OK
o_proj,row,271,11111,41,384,6144,36.2,1450,OK
o_proj,row,271,11382,42,384,6144,36.3,1479,OK
o_proj,row,271,11653,43,384,6144,33.3,1651,OK
o_proj,row,271,11924,44,384,6144,34.8,1617,OK
o_proj,row,271,12195,45,384,6144,34.9,1647,OK
o_proj,row,271,12466,46,384,6144,36.9,1594,OK
o_proj,row,271,12737,47,384,6144,36.9,1629,OK
o_proj,row,271,13008,48,256,6144,32.1,1273,OK
o_proj,row,271,13279,49,256,6144,32.3,1294,OK
o_proj,row,271,13550,50,256,6144,33.3,1282,OK
o_proj,row,271,13821,51,256,6144,34.1,1275,OK
o_proj,row,271,14092,52,256,6144,37.3,1189,OK
o_proj,row,271,14363,53,256,6144,37.4,1209,OK
o_proj,row,271,14634,54,256,6144,38.5,1195,OK
o_proj,row,271,14905,55,256,6144,38.4,1220,OK
o_proj,row,271,15176,56,256,6144,39.2,1217,OK
o_proj,row,271,15447,57,256,6144,40.4,1203,OK
o_proj,row,271,15718,58,256,6144,40.4,1224,OK
o_proj,row,271,15989,59,256,6144,41.4,1216,OK
o_proj,row,271,16260,60,256,6144,39.6,1291,OK
o_proj,row,271,16531,61,256,6144,40.5,1285,OK
o_proj,row,271,16802,62,256,6144,40.6,1302,OK
o_proj,row,271,17073,63,256,6144,41.5,1293,OK
o_proj,row,271,17344,64,256,6144,41.6,1312,OK
o_proj,row,271,17615,65,256,6144,42.6,1302,OK
o_proj,row,271,17886,66,256,6144,43.6,1291,OK
o_proj,row,271,18157,67,256,6144,43.6,1310,OK
o_proj,row,271,18428,68,256,6144,44.4,1306,OK
o_proj,row,271,18699,69,256,6144,48.6,1211,OK
o_proj,row,271,18970,70,256,6144,49.7,1200,OK
o_proj,row,271,19241,71,256,6144,49.5,1223,OK
o_proj,row,271,19512,72,256,6144,51.2,1199,OK
o_proj,row,288,288,1,12288,6144,33.2,1311,OK
o_proj,row,288,576,2,6144,6144,24.4,1783,OK
o_proj,row,288,864,3,4096,6144,21.8,1996,OK
o_proj,row,288,1152,4,3072,6144,22.7,1920,OK
o_proj,row,288,1440,5,2560,6144,20.9,2163,OK
o_proj,row,288,1728,6,2048,6144,18.7,2327,OK
o_proj,row,288,2016,7,1792,6144,18.5,2403,OK
o_proj,row,288,2304,8,1536,6144,19.3,2249,OK
o_proj,row,288,2592,9,1408,6144,22.2,2023,OK
o_proj,row,288,2880,10,1280,6144,23.5,1924,OK
o_proj,row,288,3168,11,1152,6144,23.1,1945,OK
o_proj,row,288,3456,12,1024,6144,21.6,2016,OK
o_proj,row,288,3744,13,1024,6144,20.6,2282,OK
o_proj,row,288,4032,14,896,6144,19.6,2259,OK
o_proj,row,288,4320,15,896,6144,21.9,2173,OK
o_proj,row,288,4608,16,768,6144,20.3,2137,OK
o_proj,row,288,4896,17,768,6144,26.5,1746,OK
o_proj,row,288,5184,18,768,6144,26.6,1840,OK
o_proj,row,288,5472,19,768,6144,27.0,1915,OK
o_proj,row,288,5760,20,640,6144,26.9,1684,OK
o_proj,row,288,6048,21,640,6144,23.3,2038,OK
o_proj,row,288,6336,22,640,6144,25.0,1995,OK
o_proj,row,288,6624,23,640,6144,25.2,2065,OK
o_proj,row,288,6912,24,512,6144,23.0,1888,OK
o_proj,row,288,7200,25,512,6144,27.8,1629,OK
o_proj,row,288,7488,26,512,6144,27.9,1686,OK
o_proj,row,288,7776,27,512,6144,30.0,1630,OK
o_proj,row,288,8064,28,512,6144,30.3,1677,OK
o_proj,row,288,8352,29,512,6144,28.5,1843,OK
o_proj,row,288,8640,30,512,6144,28.9,1882,OK
o_proj,row,288,8928,31,512,6144,29.0,1935,OK
o_proj,row,288,9216,32,384,6144,27.6,1577,OK
o_proj,row,288,9504,33,384,6144,30.5,1470,OK
o_proj,row,288,9792,34,384,6144,32.2,1434,OK
o_proj,row,288,10080,35,384,6144,32.4,1470,OK
o_proj,row,288,10368,36,384,6144,32.3,1514,OK
o_proj,row,288,10656,37,384,6144,31.3,1609,OK
o_proj,row,288,10944,38,384,6144,31.4,1644,OK
o_proj,row,288,11232,39,384,6144,33.2,1594,OK
o_proj,row,288,11520,40,384,6144,33.4,1628,OK
o_proj,row,288,11808,41,384,6144,38.3,1455,OK
o_proj,row,288,12096,42,384,6144,38.6,1478,OK
o_proj,row,288,12384,43,384,6144,38.7,1511,OK
o_proj,row,288,12672,44,384,6144,40.5,1478,OK
o_proj,row,288,12960,45,384,6144,37.0,1653,OK
o_proj,row,288,13248,46,384,6144,38.5,1622,OK
o_proj,row,288,13536,47,384,6144,38.9,1642,OK
o_proj,row,288,13824,48,256,6144,34.0,1278,OK
o_proj,row,288,14112,49,256,6144,37.3,1190,OK
o_proj,row,288,14400,50,256,6144,37.5,1209,OK
o_proj,row,288,14688,51,256,6144,38.5,1200,OK
o_proj,row,288,14976,52,256,6144,38.4,1228,OK
o_proj,row,288,15264,53,256,6144,36.9,1301,OK
o_proj,row,288,15552,54,256,6144,37.6,1302,OK
o_proj,row,288,15840,55,256,6144,38.4,1296,OK
o_proj,row,288,16128,56,256,6144,38.7,1312,OK
o_proj,row,288,16416,57,256,6144,42.4,1219,OK
o_proj,row,288,16704,58,256,6144,43.3,1213,OK
o_proj,row,288,16992,59,256,6144,43.3,1235,OK
o_proj,row,288,17280,60,256,6144,44.6,1218,OK
o_proj,row,288,17568,61,256,6144,42.6,1297,OK
o_proj,row,288,17856,62,256,6144,43.4,1293,OK
o_proj,row,288,18144,63,256,6144,43.9,1301,OK
o_proj,row,288,18432,64,256,6144,44.6,1301,OK
o_proj,row,288,18720,65,256,6144,48.6,1211,OK
o_proj,row,288,19008,66,256,6144,49.6,1205,OK
o_proj,row,288,19296,67,256,6144,49.8,1220,OK
o_proj,row,288,19584,68,256,6144,50.7,1214,OK
o_proj,row,288,19872,69,256,6144,48.1,1299,OK
o_proj,row,288,20160,70,256,6144,48.2,1315,OK
o_proj,row,288,20448,71,256,6144,49.3,1304,OK
o_proj,row,288,20736,72,256,6144,49.8,1310,OK
o_proj,row,328,328,1,12288,6144,33.3,1487,OK
o_proj,row,328,656,2,6144,6144,25.4,1950,OK
o_proj,row,328,984,3,4096,6144,22.3,2221,OK
o_proj,row,328,1312,4,3072,6144,24.2,2050,OK
o_proj,row,328,1640,5,2560,6144,26.5,1943,OK
o_proj,row,328,1968,6,2048,6144,20.1,2468,OK
o_proj,row,328,2296,7,1792,6144,21.4,2366,OK
o_proj,row,328,2624,8,1536,6144,24.1,2055,OK
o_proj,row,328,2952,9,1408,6144,22.1,2314,OK
o_proj,row,328,3280,10,1280,6144,20.9,2463,OK
o_proj,row,328,3608,11,1152,6144,26.1,1959,OK
o_proj,row,328,3936,12,1024,6144,24.5,2020,OK
o_proj,row,328,4264,13,1024,6144,23.3,2306,OK
o_proj,row,328,4592,14,896,6144,21.9,2305,OK
o_proj,row,328,4920,15,896,6144,28.4,1905,OK
o_proj,row,328,5248,16,768,6144,26.6,1862,OK
o_proj,row,328,5576,17,768,6144,24.5,2152,OK
o_proj,row,328,5904,18,768,6144,29.7,1873,OK
o_proj,row,328,6232,19,768,6144,32.2,1828,OK
o_proj,row,328,6560,20,640,6144,25.2,2050,OK
o_proj,row,328,6888,21,640,6144,25.6,2113,OK
o_proj,row,328,7216,22,640,6144,32.1,1770,OK
o_proj,row,328,7544,23,640,6144,32.1,1850,OK
o_proj,row,328,7872,24,512,6144,26.8,1850,OK
o_proj,row,328,8200,25,512,6144,30.4,1699,OK
o_proj,row,328,8528,26,512,6144,32.2,1664,OK
o_proj,row,328,8856,27,512,6144,28.8,1937,OK
o_proj,row,328,9184,28,512,6144,30.7,1884,OK
o_proj,row,328,9512,29,512,6144,35.0,1709,OK
o_proj,row,328,9840,30,512,6144,54.7,1131,OK
o_proj,row,328,10168,31,512,6144,33.2,1926,OK
o_proj,row,328,10496,32,384,6144,31.0,1596,OK
o_proj,row,328,10824,33,384,6144,34.2,1494,OK
o_proj,row,328,11152,34,384,6144,32.9,1599,OK
o_proj,row,328,11480,35,384,6144,32.8,1651,OK
o_proj,row,328,11808,36,384,6144,38.2,1460,OK
o_proj,row,328,12136,37,384,6144,38.6,1485,OK
o_proj,row,328,12464,38,384,6144,36.7,1605,OK
o_proj,row,328,12792,39,384,6144,36.9,1637,OK
o_proj,row,328,13120,40,384,6144,40.4,1531,OK
o_proj,row,328,13448,41,384,6144,38.9,1633,OK
o_proj,row,328,13776,42,384,6144,38.9,1670,OK
o_proj,row,328,14104,43,384,6144,44.7,1488,OK
o_proj,row,328,14432,44,384,6144,44.9,1517,OK
o_proj,row,328,14760,45,384,6144,42.5,1638,OK
o_proj,row,328,15088,46,384,6144,42.7,1666,OK
o_proj,row,328,15416,47,384,6144,49.1,1482,OK
o_proj,row,328,15744,48,256,6144,40.4,1227,OK
o_proj,row,328,16072,49,256,6144,38.6,1310,OK
o_proj,row,328,16400,50,256,6144,42.2,1222,OK
o_proj,row,328,16728,51,256,6144,43.3,1215,OK
o_proj,row,328,17056,52,256,6144,41.4,1297,OK
o_proj,row,328,17384,53,256,6144,41.7,1312,OK
o_proj,row,328,17712,54,256,6144,45.6,1221,OK
o_proj,row,328,18040,55,256,6144,46.4,1224,OK
o_proj,row,328,18368,56,256,6144,44.5,1298,OK
o_proj,row,328,18696,57,256,6144,48.6,1211,OK
o_proj,row,328,19024,58,256,6144,49.7,1203,OK
o_proj,row,328,19352,59,256,6144,46.4,1311,OK
o_proj,row,328,19680,60,256,6144,47.2,1313,OK
o_proj,row,328,20008,61,256,6144,51.6,1219,OK
o_proj,row,328,20336,62,256,6144,52.8,1212,OK
o_proj,row,328,20664,63,256,6144,50.0,1299,OK
o_proj,row,328,20992,64,256,6144,50.2,1316,OK
o_proj,row,328,21320,65,256,6144,55.0,1220,OK
o_proj,row,328,21648,66,256,6144,52.2,1304,OK
o_proj,row,328,21976,67,256,6144,53.1,1302,OK
o_proj,row,328,22304,68,256,6144,58.1,1207,OK
o_proj,row,328,22632,69,256,6144,58.0,1227,OK
o_proj,row,328,22960,70,256,6144,54.8,1317,OK
o_proj,row,328,23288,71,256,6144,56.2,1304,OK
o_proj,row,328,23616,72,256,6144,61.2,1214,OK
